2025-01-14 15:43:06,26,52,19.29
2025-01-14 15:43:09,26,52,19.27
2025-01-14 15:43:12,26,52,18.45
2025-01-14 15:43:15,26,52,18.45
2025-01-14 15:43:18,26,52,18.45
2025-01-14 15:43:21,26,52,18.45
2025-01-14 15:43:25,26,52,18.45
2025-01-14 15:43:28,26,52,18.44
2025-01-14 15:43:31,26,52,17.64
2025-01-14 15:43:34,26,52,17.64
2025-01-14 15:43:37,26,52,17.64
2025-01-14 15:43:40,26,51,17.74
2025-01-14 15:43:43,26,51,17.74
2025-01-14 15:43:46,26,51,17.73
2025-01-14 15:43:59,26,51,16.95
2025-01-14 15:44:02,26,51,16.95
2025-01-14 15:50:42,27,50,14.08
2025-01-14 15:50:45,27,50,14.08
2025-01-14 15:50:48,27,50,14.08
2025-01-14 15:50:51,27,50,14.08
2025-01-14 15:50:54,27,50,14.08
2025-01-14 15:50:57,27,50,13.42
2025-01-14 15:52:18,27,50,13.41
2025-01-14 15:52:21,27,50,13.41
2025-01-14 15:52:25,27,50,13.41
2025-01-14 15:52:28,27,50,13.41
2025-01-14 15:52:31,27,50,13.41
2025-01-14 15:52:34,27,50,13.41
2025-01-14 15:52:37,27,50,13.41
2025-01-14 15:52:40,27,50,13.41
2025-01-14 15:52:43,27,50,13.41
2025-01-14 15:52:46,27,50,13.41
2025-01-14 15:52:49,27,50,13.41
2025-01-14 15:52:52,27,50,13.41
2025-01-14 15:52:55,27,50,13.41
2025-01-14 15:52:58,27,50,13.41
2025-01-14 15:53:08,27,50,13.41
2025-01-14 15:53:11,27,50,13.41
2025-01-14 15:53:14,27,50,13.41
2025-01-14 15:53:17,27,50,13.41
2025-01-14 15:53:20,27,50,13.41
2025-01-14 15:53:23,27,50,13.41
2025-01-14 15:53:26,27,50,13.41
2025-01-14 15:53:29,27,50,13.41
2025-01-14 15:53:32,27,50,13.41
2025-01-14 15:53:36,27,50,13.41
2025-01-14 15:53:39,27,50,13.41
2025-01-14 15:53:42,27,50,13.41
2025-01-14 15:53:45,27,50,13.39
2025-01-14 15:53:48,27,49,13.47
2025-01-14 15:53:51,27,49,13.48
2025-01-14 15:53:54,27,49,13.47
2025-01-14 15:53:57,27,49,13.48
2025-01-14 15:54:00,27,49,13.48
2025-01-14 15:54:03,27,49,13.47
2025-01-14 15:54:06,27,49,13.47
2025-01-14 15:54:10,27,49,13.47
2025-01-14 15:54:13,27,49,13.47
2025-01-14 15:54:16,27,49,13.47
2025-01-14 15:54:19,27,49,13.47
2025-01-14 15:54:22,27,49,13.47
2025-01-14 15:54:25,27,49,13.47
2025-01-14 15:54:28,27,49,13.47
2025-01-14 15:54:31,27,49,13.47
2025-01-14 15:54:34,27,49,13.47
2025-01-14 15:54:37,27,49,13.47
2025-01-14 15:54:40,27,49,13.47
2025-01-14 15:54:43,27,49,13.47
2025-01-14 15:54:47,27,49,12.83
2025-01-14 15:54:50,27,49,13.47
2025-01-14 15:54:53,27,49,13.47
2025-01-14 15:54:56,27,49,13.47
2025-01-14 15:54:59,27,49,12.83
2025-01-14 15:55:02,27,49,13.47
2025-01-14 15:55:05,27,49,13.47
2025-01-14 15:55:08,27,49,13.47
2025-01-14 15:55:11,27,49,13.47
2025-01-14 15:55:14,27,49,13.47
2025-01-14 15:55:17,27,49,13.47
2025-01-14 15:55:21,27,49,13.47
2025-01-14 15:55:24,27,49,13.47
2025-01-14 15:55:27,27,49,13.47
2025-01-14 15:55:30,27,49,13.47
2025-01-14 15:55:33,27,49,12.83
2025-01-14 15:55:36,27,49,12.83
2025-01-14 15:55:39,27,49,13.47
2025-01-14 15:55:42,27,49,12.83
2025-01-14 15:55:45,27,49,13.47
2025-01-14 15:55:48,27,49,12.83
2025-01-14 15:55:51,27,49,13.47
2025-01-14 15:55:54,27,49,12.83
2025-01-14 15:55:58,27,49,13.47
2025-01-14 15:56:01,27,49,12.83
2025-01-14 15:56:04,27,49,12.83
2025-01-14 15:56:07,27,49,12.83
2025-01-14 15:56:10,27,49,13.47
2025-01-14 15:56:13,27,49,12.83
2025-01-14 15:56:16,27,49,12.83
2025-01-14 15:56:19,27,49,12.83
2025-01-14 15:56:22,27,49,12.83
2025-01-14 15:56:25,27,49,13.47
2025-01-14 15:56:28,27,49,13.47
2025-01-14 15:56:32,27,49,12.83
2025-01-14 15:56:35,27,49,13.47
2025-01-14 15:56:38,27,49,13.46
2025-01-14 15:56:41,27,49,13.46
2025-01-14 15:56:44,27,49,13.46
2025-01-14 15:56:47,27,49,13.46
2025-01-14 15:56:50,27,49,13.46
2025-01-14 15:56:53,27,49,13.46
2025-01-14 15:56:56,27,49,13.46
2025-01-14 15:56:59,27,49,12.82
2025-01-14 15:57:02,27,49,13.46
2025-01-14 15:57:05,27,49,13.46
2025-01-14 15:57:09,27,49,13.46
2025-01-14 15:57:12,27,49,12.82
2025-01-14 15:57:15,27,49,12.82
2025-01-14 15:57:18,27,49,13.46
2025-01-14 15:57:21,27,49,13.46
2025-01-14 15:57:24,27,49,12.82
2025-01-14 15:57:27,27,49,13.46
2025-01-14 15:57:30,27,49,13.46
2025-01-14 15:57:33,27,49,13.46
2025-01-14 15:57:36,27,49,13.46
2025-01-14 15:57:39,27,49,12.82
2025-01-14 15:57:43,27,49,12.82
2025-01-14 15:57:46,27,49,12.82
2025-01-14 15:57:49,27,49,12.82
2025-01-14 15:57:52,27,49,13.46
2025-01-14 15:57:55,27,49,13.46
2025-01-14 15:57:58,27,49,13.46
2025-01-14 15:58:01,27,49,12.82
2025-01-14 15:58:04,27,49,13.46
2025-01-14 15:58:07,27,49,13.46
2025-01-14 15:58:10,27,49,13.46
2025-01-14 15:58:13,27,49,12.82
2025-01-14 15:58:17,27,49,13.46
2025-01-14 15:58:20,27,49,12.82
2025-01-14 15:58:23,27,49,12.82
2025-01-14 15:58:26,27,49,12.82
2025-01-14 15:58:29,27,49,12.82
2025-01-14 15:58:32,27,49,12.82
2025-01-14 15:58:35,27,49,13.46
2025-01-14 15:58:38,27,49,13.46
2025-01-14 15:58:41,27,49,12.82
2025-01-14 15:58:44,27,49,13.46
2025-01-14 15:58:47,27,49,12.82
2025-01-14 15:58:50,27,49,13.46
2025-01-14 15:58:54,27,49,13.46
2025-01-14 15:58:57,27,49,13.46
2025-01-14 15:59:00,27,49,13.46
2025-01-14 15:59:03,27,49,12.82
2025-01-14 15:59:06,27,49,12.82
2025-01-14 15:59:09,27,49,12.82
2025-01-14 15:59:12,27,49,12.82
2025-01-14 15:59:15,27,49,12.82
2025-01-14 15:59:18,27,49,13.46
2025-01-14 15:59:21,27,49,13.46
2025-01-14 15:59:24,27,49,12.82
2025-01-14 15:59:28,27,49,12.82
2025-01-14 15:59:31,27,49,13.46
2025-01-14 15:59:34,27,49,12.82
2025-01-14 15:59:37,27,49,12.82
2025-01-14 15:59:40,27,49,12.82
2025-01-14 15:59:43,27,49,12.82
2025-01-14 15:59:46,27,49,13.46
2025-01-14 15:59:49,27,49,13.46
2025-01-14 15:59:52,27,49,12.82
2025-01-14 15:59:55,27,49,12.82
2025-01-14 15:59:58,27,49,12.82
2025-01-14 16:00:01,27,49,12.82
2025-01-14 16:00:05,27,49,13.46
2025-01-14 16:00:08,27,49,12.82
2025-01-14 16:00:11,27,49,13.46
2025-01-14 16:00:14,27,49,13.46
2025-01-14 16:00:17,27,49,12.82
2025-01-14 16:00:20,27,49,13.46
2025-01-14 16:00:23,27,49,13.46
2025-01-14 16:00:26,27,49,13.46
2025-01-14 16:00:29,27,49,12.82
2025-01-14 16:00:32,27,49,13.46
2025-01-14 16:00:35,27,49,13.46
2025-01-14 16:00:39,27,49,13.46
2025-01-14 16:00:42,27,49,13.46
2025-01-14 16:00:45,27,49,12.82
2025-01-14 16:00:48,27,49,12.82
2025-01-14 16:00:51,27,49,12.82
2025-01-14 16:00:54,27,49,12.82
2025-01-14 16:00:57,27,49,12.82
2025-01-14 16:01:00,27,49,12.82
2025-01-14 16:01:03,27,49,12.82
2025-01-14 16:01:06,27,49,12.8
2025-01-14 16:01:09,27,49,12.82
2025-01-14 16:01:13,27,49,12.8
2025-01-14 16:01:16,27,49,12.8
2025-01-14 16:01:19,27,49,13.44
2025-01-14 16:01:22,27,49,12.8
2025-01-14 16:01:25,27,49,12.8
2025-01-14 16:01:28,27,49,12.8
2025-01-14 16:01:31,27,49,12.8
2025-01-14 16:01:34,27,49,12.8
2025-01-14 16:01:37,27,49,12.8
2025-01-14 16:01:40,27,49,12.8
2025-01-14 16:01:43,27,49,12.8
2025-01-14 16:01:46,27,49,12.8
2025-01-14 16:01:50,27,49,13.44
2025-01-14 16:01:53,27,49,12.8
2025-01-14 16:01:56,27,49,13.44
2025-01-14 16:01:59,27,49,12.8
2025-01-14 16:02:02,27,49,12.8
2025-01-14 16:02:05,27,49,12.8
2025-01-14 16:02:08,27,49,12.8
2025-01-14 16:02:11,27,49,13.44
2025-01-14 16:02:14,27,49,12.8
2025-01-14 16:02:17,27,49,12.8
2025-01-14 16:02:20,27,49,12.8
2025-01-14 16:02:24,27,49,13.44
2025-01-14 16:02:27,27,49,12.8
2025-01-14 16:02:30,27,49,13.44
2025-01-14 16:02:33,27,49,12.8
2025-01-14 16:02:36,27,49,12.8
2025-01-14 16:02:39,27,49,12.8
2025-01-14 16:02:42,27,49,12.8
2025-01-14 16:02:45,27,49,12.8
2025-01-14 16:02:48,27,49,12.82
2025-01-14 16:02:51,27,49,12.82
2025-01-14 16:02:54,27,49,12.82
2025-01-14 16:02:57,27,49,12.82
2025-01-14 16:03:01,27,49,12.82
2025-01-14 16:03:04,27,49,12.82
2025-01-14 16:03:07,27,49,12.82
2025-01-14 16:03:10,27,49,12.82
2025-01-14 16:03:13,27,49,12.82
2025-01-14 16:03:16,27,49,12.82
2025-01-14 16:03:19,27,49,12.82
2025-01-14 16:03:22,27,49,12.82
2025-01-14 16:03:25,27,49,13.46
2025-01-14 16:03:28,27,49,12.82
2025-01-14 16:03:31,27,49,12.82
2025-01-14 16:03:35,27,49,12.82
2025-01-14 16:03:38,27,49,12.82
2025-01-14 16:03:41,27,49,12.82
2025-01-14 16:03:44,27,49,12.82
2025-01-14 16:03:47,27,49,12.82
2025-01-14 16:03:50,27,49,12.82
2025-01-14 16:03:53,27,49,12.82
2025-01-14 16:03:56,27,49,12.82
2025-01-14 16:03:59,27,49,12.82
2025-01-14 16:04:02,27,49,12.82
2025-01-14 16:04:05,27,49,12.82
2025-01-14 16:04:08,27,49,12.8
2025-01-14 16:04:12,27,49,12.82
2025-01-14 16:04:15,27,49,12.82
2025-01-14 16:04:18,27,49,12.82
2025-01-14 16:04:21,27,49,12.82
2025-01-14 16:04:24,27,49,12.82
2025-01-14 16:04:27,27,49,12.82
2025-01-14 16:04:30,27,49,12.8
2025-01-14 16:04:33,27,49,13.46
2025-01-14 16:04:36,27,49,12.8
2025-01-14 16:04:39,27,49,12.8
2025-01-14 16:04:42,27,49,12.82
2025-01-14 16:04:46,27,49,12.82
2025-01-14 16:04:49,27,49,12.8
2025-01-14 16:04:52,27,49,12.82
2025-01-14 16:04:55,27,49,12.82
2025-01-14 16:04:58,27,49,12.82
2025-01-14 16:05:01,27,49,12.82
2025-01-14 16:05:04,27,49,12.82
2025-01-14 16:05:07,27,49,12.82
2025-01-14 16:05:10,27,49,12.82
2025-01-14 16:05:13,27,49,12.82
2025-01-14 16:05:16,27,49,12.82
2025-01-14 16:05:19,27,49,12.82
2025-01-14 16:05:23,27,49,12.82
2025-01-14 16:05:26,27,49,12.82
2025-01-14 16:05:29,27,49,12.82
2025-01-14 16:05:32,27,49,12.82
2025-01-14 16:05:35,27,49,12.82
2025-01-14 16:05:38,27,49,12.82
2025-01-14 16:05:41,27,49,12.82
2025-01-14 16:05:44,27,49,12.82
2025-01-14 16:05:47,27,49,12.82
2025-01-14 16:05:50,27,49,12.82
2025-01-14 16:05:53,27,49,12.82
2025-01-14 16:05:57,27,49,12.82
2025-01-14 16:06:00,27,49,12.82
2025-01-14 16:06:03,27,49,12.82
2025-01-14 16:06:06,27,49,12.82
2025-01-14 16:06:09,27,49,12.82
2025-01-14 16:06:12,27,49,12.82
2025-01-14 16:06:15,27,49,12.82
2025-01-14 16:06:18,27,49,12.82
2025-01-14 16:06:21,27,49,12.82
2025-01-14 16:06:24,27,49,12.82
2025-01-14 16:06:27,27,49,12.82
2025-01-14 16:06:31,27,49,12.82
2025-01-14 16:06:34,27,49,12.82
2025-01-14 16:06:37,27,49,12.82
2025-01-14 16:06:40,27,49,12.82
2025-01-14 16:06:43,27,49,12.82
2025-01-14 16:06:46,27,49,12.82
2025-01-14 16:06:49,27,49,12.82
2025-01-14 16:06:52,27,49,12.82
2025-01-14 16:06:55,27,49,12.82
2025-01-14 16:06:58,27,49,12.82
2025-01-14 16:07:01,27,49,12.82
2025-01-14 16:07:04,27,49,12.82
2025-01-14 16:07:08,27,49,12.82
2025-01-14 16:07:11,27,49,12.82
2025-01-14 16:07:14,27,49,12.82
2025-01-14 16:07:17,27,49,12.82
2025-01-14 16:07:20,27,49,12.82
2025-01-14 16:07:23,27,49,12.82
2025-01-14 16:07:26,27,49,12.82
2025-01-14 16:07:29,27,49,12.82
2025-01-14 16:07:32,27,49,12.82
2025-01-14 16:07:35,27,49,12.82
2025-01-14 16:07:38,27,49,12.82
2025-01-14 16:07:42,27,49,12.82
2025-01-14 16:07:45,27,49,12.82
2025-01-14 16:07:48,27,49,12.82
2025-01-14 16:07:51,27,49,12.82
2025-01-14 16:07:54,27,49,12.82
2025-01-14 16:07:57,27,49,12.82
2025-01-14 16:08:00,27,49,12.82
2025-01-14 16:08:03,27,49,12.82
2025-01-14 16:08:06,27,49,12.82
2025-01-14 16:08:09,27,49,12.82
2025-01-14 16:08:12,27,49,12.82
2025-01-14 16:08:16,27,49,12.82
2025-01-14 16:08:19,27,49,12.82
2025-01-14 16:08:22,27,49,12.82
2025-01-14 16:08:25,27,49,12.82
2025-01-14 16:08:28,27,49,12.82
2025-01-14 16:08:31,27,49,12.82
2025-01-14 16:08:34,27,49,12.82
2025-01-14 16:08:37,27,49,12.82
2025-01-14 16:08:40,27,49,12.82
2025-01-14 16:08:43,27,49,12.82
2025-01-14 16:08:46,27,49,12.82
2025-01-14 16:08:49,27,49,12.82
2025-01-14 16:08:53,27,49,13.46
2025-01-14 16:08:56,27,49,12.82
2025-01-14 16:08:59,27,49,12.82
2025-01-14 16:09:02,27,49,12.82
2025-01-14 16:09:05,27,49,12.82
2025-01-14 16:09:08,27,49,12.82
2025-01-14 16:09:11,27,49,12.82
2025-01-14 16:09:14,27,49,12.82
2025-01-14 16:09:17,27,49,12.82
2025-01-14 16:09:20,27,49,12.82
2025-01-14 16:09:23,27,49,12.82
2025-01-14 16:09:27,27,49,12.82
2025-01-14 16:09:30,27,49,12.82
2025-01-14 16:09:33,27,49,12.82
2025-01-14 16:09:36,27,49,12.82
2025-01-14 16:09:39,27,49,12.82
2025-01-14 16:09:42,27,49,12.82
2025-01-14 16:09:45,27,49,12.82
2025-01-14 16:09:48,27,49,12.82
2025-01-14 16:09:51,27,49,12.82
2025-01-14 16:09:54,27,49,13.46
2025-01-14 16:09:57,27,49,12.82
2025-01-14 16:10:00,27,49,12.82
2025-01-14 16:10:04,27,49,12.82
2025-01-14 16:10:07,27,49,12.82
2025-01-14 16:10:10,27,49,12.82
2025-01-14 16:10:13,27,49,12.82
2025-01-14 16:10:16,27,49,12.82
2025-01-14 16:10:19,27,49,12.82
2025-01-14 16:10:22,27,49,12.82
2025-01-14 16:10:25,27,49,12.82
2025-01-14 16:10:28,27,49,12.82
2025-01-14 16:10:31,27,49,12.82
2025-01-14 16:10:34,27,49,12.82
2025-01-14 16:10:38,27,49,13.46
2025-01-14 16:10:41,27,49,12.82
2025-01-14 16:10:44,27,49,12.82
2025-01-14 16:10:47,27,49,13.46
2025-01-14 16:10:50,27,49,12.82
2025-01-14 16:10:53,27,49,12.82
2025-01-14 16:10:56,27,49,12.82
2025-01-14 16:10:59,27,49,12.82
2025-01-14 16:11:02,27,49,12.82
2025-01-14 16:11:05,27,49,12.82
2025-01-19 23:22:12,25,41,18.94
2025-01-19 23:22:12,25,41,18.94
2025-01-19 23:22:13,25,41,18.94
2025-01-19 23:22:16,25,41,18.94
2025-01-19 23:22:19,25,41,18.12
2025-01-19 23:22:22,25,41,18.94
2025-01-19 23:22:26,25,41,18.12
2025-01-19 23:22:29,25,41,18.94
2025-01-19 23:22:32,25,41,18.12
2025-01-19 23:22:35,25,41,18.12
2025-01-19 23:22:38,25,41,18.12
2025-01-19 23:32:10,25,41,15.75
2025-01-19 23:32:11,25,41,15.75
2025-01-19 23:32:12,25,41,15.75
2025-01-19 23:32:13,25,41,15.75
2025-01-19 23:32:14,25,41,15.75
2025-01-19 23:32:15,25,41,15.75
2025-01-19 23:32:16,25,41,15.75
2025-01-19 23:32:17,25,41,15.75
2025-01-19 23:32:18,25,41,15.75
2025-01-19 23:32:19,25,41,15.75
2025-01-19 23:32:20,25,41,15.75
2025-01-19 23:32:21,25,41,15.75
2025-01-19 23:32:22,25,41,15.75
2025-01-19 23:32:23,25,41,15.75
2025-01-19 23:32:25,25,41,15.75
2025-01-19 23:48:10,26,41,10.51
2025-01-19 23:48:11,26,41,10.51
2025-01-19 23:48:12,26,41,10.51
2025-01-19 23:48:13,26,41,10.51
2025-01-19 23:48:14,26,41,9.96
2025-01-19 23:48:15,26,41,10.51
2025-01-19 23:48:16,26,41,10.51
2025-01-19 23:48:17,26,41,9.96
2025-01-19 23:48:18,26,41,9.96
2025-01-19 23:48:19,26,41,10.51
2025-01-19 23:48:20,26,41,10.51
2025-01-19 23:48:21,26,41,10.51
2025-01-19 23:48:22,26,41,9.96
2025-01-19 23:48:24,26,41,9.96
2025-01-19 23:48:25,26,41,10.51
2025-01-19 23:48:26,26,41,10.51
2025-01-19 23:48:27,26,41,10.51
2025-01-19 23:50:14,26,41,10.48
2025-01-19 23:50:15,26,41,10.48
2025-01-19 23:50:16,26,41,10.48
2025-01-19 23:50:17,26,41,10.48
2025-01-19 23:50:18,26,41,10.48
2025-01-19 23:50:19,26,41,10.48
2025-01-19 23:50:21,26,41,10.48
2025-01-19 23:50:22,26,41,10.48
2025-01-19 23:50:23,26,41,9.94
2025-01-19 23:50:24,26,41,10.48
2025-01-19 23:50:25,26,41,10.48
2025-01-19 23:50:26,26,41,10.48
2025-01-19 23:50:27,26,41,10.48
2025-01-19 23:50:28,26,41,10.48
2025-01-19 23:50:29,26,41,10.48
2025-01-19 23:50:30,26,41,10.48
2025-01-19 23:50:31,26,41,10.48
2025-01-19 23:50:32,26,41,9.94
2025-01-19 23:50:33,26,41,10.48
2025-01-19 23:50:34,26,41,10.48
2025-01-19 23:50:36,26,41,10.48
2025-01-19 23:50:37,26,41,10.48
2025-01-19 23:50:38,26,41,10.48
2025-01-19 23:50:39,26,41,10.48
2025-01-19 23:50:40,26,41,10.48
2025-01-19 23:50:41,26,41,10.48
2025-01-19 23:50:42,26,41,10.48
2025-01-19 23:50:43,26,41,10.48
2025-01-19 23:50:44,26,41,10.48
2025-01-19 23:50:45,26,41,10.48
2025-01-19 23:50:46,26,41,10.48
2025-01-19 23:50:47,26,41,10.48
2025-01-19 23:50:48,26,41,10.48
2025-01-19 23:50:49,26,41,10.48
2025-01-19 23:50:51,26,41,10.48
2025-01-19 23:50:52,26,41,10.48
2025-01-19 23:50:53,26,41,10.48
2025-01-19 23:50:54,26,41,10.48
2025-01-19 23:50:55,26,41,10.48
2025-01-19 23:50:56,26,41,10.48
2025-01-19 23:50:57,26,41,10.48
2025-01-19 23:50:58,26,41,9.94
2025-01-19 23:50:59,26,41,10.48
2025-01-19 23:51:00,26,41,10.48
2025-01-19 23:51:01,26,41,10.48
2025-01-19 23:51:02,26,41,10.48
2025-01-19 23:51:03,26,41,10.48
2025-01-19 23:51:04,26,41,10.48
2025-01-19 23:51:06,26,41,10.48
2025-01-19 23:51:07,26,41,10.48
2025-01-19 23:51:08,26,41,10.48
2025-01-19 23:51:09,26,41,10.48
2025-01-19 23:51:10,26,41,10.48
2025-01-19 23:51:11,26,41,10.48
2025-01-19 23:51:12,26,41,10.47
2025-01-19 23:51:13,26,41,10.47
2025-01-19 23:51:14,26,41,10.47
2025-01-19 23:51:15,26,41,10.47
2025-01-19 23:51:16,26,41,10.47
2025-01-19 23:51:17,26,41,9.93
2025-01-19 23:51:18,26,41,10.47
2025-01-19 23:51:19,26,41,10.47
2025-01-19 23:51:21,26,41,10.47
2025-01-19 23:51:22,26,41,10.47
2025-01-19 23:51:23,26,41,9.93
2025-01-19 23:51:24,26,41,9.93
2025-01-19 23:51:25,26,41,10.47
2025-01-19 23:51:26,26,41,10.47
2025-01-19 23:51:27,26,41,10.47
2025-01-19 23:51:28,26,41,10.47
2025-01-19 23:51:29,26,41,10.47
2025-01-19 23:51:30,26,41,10.47
2025-01-19 23:51:31,26,41,10.47
2025-01-19 23:51:32,26,41,10.47
2025-01-19 23:51:33,26,41,10.47
2025-01-19 23:51:34,26,41,10.47
2025-01-19 23:51:36,26,41,10.47
2025-01-19 23:51:37,26,41,10.47
2025-01-19 23:51:38,26,41,10.46
2025-01-19 23:51:39,26,41,10.46
2025-01-19 23:51:40,26,41,10.46
2025-01-19 23:51:41,26,41,10.46
2025-01-19 23:51:42,26,41,10.46
2025-01-19 23:51:43,26,41,10.46
2025-01-19 23:51:44,26,41,10.46
2025-01-19 23:51:45,26,41,9.92
2025-01-19 23:51:46,26,41,10.46
2025-01-19 23:51:47,26,41,10.46
2025-01-19 23:51:48,26,41,10.46
2025-01-19 23:51:49,26,41,10.46
2025-01-19 23:51:51,26,41,9.92
2025-01-19 23:51:52,26,41,10.46
2025-01-19 23:51:53,26,41,10.46
2025-01-19 23:51:54,26,41,9.92
2025-01-19 23:51:55,26,41,10.46
2025-01-19 23:51:56,26,41,10.46
2025-01-19 23:51:57,26,41,10.46
2025-01-19 23:51:58,26,41,10.46
2025-01-19 23:51:59,26,41,10.46
2025-01-19 23:52:00,26,41,10.46
2025-01-19 23:52:01,27,41,10.45
2025-01-19 23:52:02,27,41,9.91
2025-01-19 23:52:03,27,41,10.45
2025-01-19 23:52:04,27,41,10.45
2025-01-19 23:52:06,27,41,9.91
2025-01-19 23:52:07,27,41,10.45
2025-01-19 23:52:08,27,41,10.45
2025-01-19 23:52:09,27,41,9.91
2025-01-19 23:52:10,27,41,10.45
2025-01-19 23:52:11,27,41,9.91
2025-01-19 23:52:12,27,41,10.45
2025-01-19 23:52:13,27,41,10.45
2025-01-19 23:52:14,27,41,10.45
2025-01-19 23:52:15,27,41,9.91
2025-01-19 23:52:16,27,41,10.45
2025-01-19 23:52:17,27,41,9.91
2025-01-19 23:52:18,27,41,10.45
2025-01-19 23:52:19,27,41,10.45
2025-01-19 23:52:21,27,41,10.45
2025-01-19 23:52:22,27,41,10.45
2025-01-19 23:52:23,27,41,10.45
2025-01-19 23:52:24,27,41,10.45
2025-01-19 23:52:25,27,41,10.45
2025-01-19 23:52:26,27,41,10.45
2025-01-19 23:52:27,27,41,10.45
2025-01-19 23:52:28,27,41,10.45
2025-01-19 23:52:29,27,41,10.45
2025-01-19 23:52:30,27,41,10.45
2025-01-19 23:52:31,27,41,10.45
2025-01-19 23:52:32,27,41,10.45
2025-01-19 23:52:33,27,41,10.45
2025-01-19 23:52:34,27,41,10.45
2025-01-19 23:52:36,27,41,10.44
2025-01-19 23:52:37,27,41,10.44
2025-01-19 23:52:38,27,41,10.45
2025-01-19 23:52:39,27,41,10.45
2025-01-19 23:52:40,27,41,10.45
2025-01-19 23:52:41,27,41,9.91
2025-01-19 23:52:42,27,41,10.45
2025-01-19 23:52:43,27,41,9.91
2025-01-19 23:52:44,27,41,10.45
2025-01-19 23:52:45,27,41,10.45
2025-01-19 23:52:46,27,41,10.44
2025-01-19 23:52:47,27,41,10.44
2025-01-19 23:52:48,27,41,10.45
2025-01-19 23:52:49,27,41,10.45
2025-01-19 23:52:51,27,41,9.91
2025-01-19 23:52:52,27,41,10.45
2025-01-19 23:52:53,27,41,9.91
2025-01-19 23:52:54,27,41,10.45
2025-01-19 23:52:55,27,41,10.45
2025-01-19 23:52:56,27,41,10.45
2025-01-19 23:52:57,27,40,10.51
2025-01-19 23:52:58,27,40,10.51
2025-01-19 23:52:59,27,40,9.96
2025-01-19 23:53:00,27,40,10.51
2025-01-19 23:53:01,27,40,10.51
2025-01-19 23:53:02,27,40,10.51
2025-01-19 23:53:03,27,40,9.96
2025-01-19 23:53:04,27,40,10.51
2025-01-19 23:53:06,27,40,10.51
2025-01-19 23:53:07,27,40,10.51
2025-01-19 23:53:08,27,40,10.51
2025-01-19 23:53:09,27,40,9.96
2025-01-19 23:53:10,27,40,9.96
2025-01-19 23:53:11,27,40,10.51
2025-01-19 23:53:12,27,40,10.51
2025-01-19 23:53:13,27,40,10.51
2025-01-19 23:53:14,27,40,10.51
2025-01-19 23:53:15,27,40,10.51
2025-01-19 23:53:16,27,40,10.51
2025-01-19 23:53:17,27,40,10.51
2025-01-19 23:53:18,27,40,10.51
2025-01-19 23:53:19,27,40,10.51
2025-01-19 23:53:21,27,40,10.51
2025-01-19 23:53:22,27,40,10.51
2025-01-19 23:53:23,27,40,10.51
2025-01-19 23:53:24,27,40,10.51
2025-01-19 23:53:25,27,40,10.51
2025-01-19 23:53:26,27,40,9.96
2025-01-19 23:53:27,27,40,10.51
2025-01-19 23:53:28,27,40,10.51
2025-01-19 23:53:29,27,40,10.51
2025-01-19 23:53:30,27,40,10.51
2025-01-19 23:53:31,27,40,10.51
2025-01-19 23:53:32,27,40,10.51
2025-01-19 23:53:33,27,40,9.96
2025-01-19 23:53:34,27,40,9.96
2025-01-19 23:53:36,27,40,10.51
2025-01-19 23:53:37,27,40,10.51
2025-01-19 23:53:38,27,40,10.51
2025-01-19 23:53:39,27,40,10.51
2025-01-19 23:53:40,27,40,10.51
2025-01-19 23:53:41,27,40,10.51
2025-01-19 23:53:42,27,40,10.51
2025-01-19 23:53:43,27,40,10.51
2025-01-19 23:53:44,27,40,10.51
2025-01-19 23:53:45,27,40,9.96
2025-01-19 23:53:46,27,40,10.51
2025-01-19 23:53:47,27,40,10.51
2025-01-19 23:53:48,27,40,10.51
2025-01-19 23:53:50,27,40,10.51
2025-01-19 23:53:51,27,40,10.51
2025-01-19 23:53:52,27,40,10.51
2025-01-19 23:53:53,27,40,9.96
2025-01-19 23:53:54,27,40,10.51
2025-01-19 23:53:55,27,40,10.51
2025-01-19 23:53:56,27,40,10.51
2025-01-19 23:53:57,27,40,10.51
2025-01-19 23:53:58,27,40,10.51
2025-01-19 23:53:59,27,40,10.51
2025-01-19 23:54:00,27,40,10.51
2025-01-19 23:54:01,27,40,10.51
2025-01-19 23:54:02,27,40,9.96
2025-01-19 23:54:03,27,40,10.51
2025-01-19 23:54:05,27,40,10.51
2025-01-19 23:54:06,27,40,10.51
2025-01-19 23:54:07,27,40,10.51
2025-01-19 23:54:08,27,40,10.51
2025-01-19 23:54:09,27,40,10.51
2025-01-19 23:54:10,27,40,10.51
2025-01-19 23:54:11,27,40,10.51
2025-01-19 23:54:12,27,40,9.96
2025-01-19 23:54:13,27,40,10.51
2025-01-19 23:54:14,27,40,10.51
2025-01-19 23:54:15,27,40,10.51
2025-01-19 23:54:16,27,40,10.51
2025-01-19 23:54:17,27,40,9.96
2025-01-19 23:54:18,27,40,10.51
2025-01-19 23:54:20,27,40,10.51
2025-01-19 23:54:21,27,40,10.51
2025-01-19 23:54:22,27,40,10.51
2025-01-19 23:54:23,27,40,10.51
2025-01-19 23:54:24,27,40,10.51
2025-01-19 23:54:25,27,40,10.5
2025-01-19 23:54:26,27,40,10.5
2025-01-19 23:54:27,27,40,10.5
2025-01-19 23:54:28,27,40,10.5
2025-01-19 23:54:29,27,40,10.5
2025-01-19 23:54:30,27,40,10.5
2025-01-19 23:54:31,27,40,10.5
2025-01-19 23:54:32,27,40,10.5
2025-01-19 23:54:33,27,40,10.5
2025-01-19 23:54:35,27,40,10.5
2025-01-19 23:54:36,27,40,10.5
2025-01-19 23:54:37,27,40,10.5
2025-01-19 23:54:38,27,40,10.5
2025-01-19 23:54:39,27,40,10.5
2025-01-19 23:54:40,27,40,10.5
2025-01-19 23:54:41,27,40,9.95
2025-01-19 23:54:42,27,40,10.5
2025-01-19 23:54:43,27,40,9.95
2025-01-19 23:54:44,27,40,10.5
2025-01-19 23:54:45,27,40,10.5
2025-01-19 23:54:46,27,40,10.5
2025-01-19 23:54:47,27,40,10.5
2025-01-19 23:54:48,27,40,10.5
2025-01-19 23:54:50,27,40,10.5
2025-01-19 23:54:51,27,40,10.5
2025-01-19 23:54:52,27,40,10.5
2025-01-19 23:54:53,27,40,10.5
2025-01-19 23:54:54,27,40,9.95
2025-01-19 23:54:55,27,40,10.5
2025-01-19 23:54:56,27,40,9.95
2025-01-19 23:54:57,27,40,9.95
2025-01-19 23:54:58,27,40,9.95
2025-01-19 23:54:59,27,40,10.5
2025-01-19 23:55:00,27,40,10.5
2025-01-19 23:55:01,27,40,10.5
2025-01-19 23:55:02,27,40,10.5
2025-01-19 23:55:03,27,40,10.5
2025-01-19 23:55:05,27,40,10.5
2025-01-19 23:55:06,27,40,9.95
2025-01-19 23:55:07,27,40,10.5
2025-01-19 23:55:08,27,40,9.95
2025-01-19 23:55:09,27,40,10.5
2025-01-19 23:55:10,27,40,10.5
2025-01-19 23:55:11,27,40,10.5
2025-01-19 23:55:12,27,40,10.5
2025-01-19 23:55:13,27,40,9.95
2025-01-19 23:55:14,27,40,11.66
2025-01-19 23:55:15,27,40,9.95
2025-01-19 23:55:16,27,40,10.5
2025-01-19 23:55:17,27,40,9.95
2025-01-19 23:55:18,27,40,9.95
2025-01-19 23:55:20,27,40,9.95
2025-01-19 23:55:21,27,40,10.5
2025-01-19 23:55:22,27,40,10.5
2025-01-19 23:55:23,27,40,10.5
2025-01-19 23:55:24,27,40,10.5
2025-01-19 23:55:25,27,40,10.5
2025-01-19 23:55:26,27,40,10.5
2025-01-19 23:55:27,27,40,10.5
2025-01-19 23:55:28,27,40,10.5
2025-01-19 23:55:29,27,40,9.95
2025-01-19 23:55:30,27,40,9.42
2025-01-19 23:55:31,27,40,8.91
2025-01-19 23:55:32,27,40,8.91
2025-01-19 23:55:33,27,40,9.95
2025-01-19 23:55:35,27,40,9.95
2025-01-19 23:55:36,27,41,10.44
2025-01-19 23:55:37,27,41,10.44
2025-01-19 23:55:38,27,42,10.39
2025-01-19 23:55:39,27,42,2.58
2025-01-19 23:55:40,27,42,0.3
2025-01-19 23:55:41,27,42,0.36
2025-01-19 23:55:42,27,43,0.36
2025-01-19 23:55:43,27,43,0.36
2025-01-19 23:55:44,27,43,0.36
2025-01-19 23:55:45,27,43,0.49
2025-01-19 23:55:46,27,43,0.42
2025-01-19 23:55:47,27,43,0.42
2025-01-19 23:55:48,27,43,0.42
2025-01-19 23:55:50,27,43,0.57
2025-01-19 23:55:51,27,43,1.79
2025-01-19 23:55:52,27,43,3.27
2025-01-19 23:55:53,27,44,3.25
2025-01-19 23:55:54,27,44,3.79
2025-01-19 23:55:55,27,44,4.07
2025-01-19 23:55:56,27,44,3.79
2025-01-19 23:55:57,27,43,4.09
2025-01-19 23:55:58,27,43,6.94
2025-01-19 23:55:59,27,43,7.81
2025-01-19 23:56:00,27,43,22.85
2025-01-19 23:56:01,27,43,23.78
2025-01-19 23:56:02,27,43,37.55
2025-01-19 23:56:03,27,43,22.82
2025-01-19 23:56:04,27,43,21.89
2025-01-19 23:56:06,27,43,20.11
2025-01-19 23:56:07,27,43,27.89
2025-01-19 23:56:08,27,43,21.89
2025-01-19 23:56:09,27,43,28.99
2025-01-19 23:56:10,27,42,25.92
2025-01-19 23:56:11,27,42,22.02
2025-01-19 23:56:12,27,42,18.55
2025-01-19 23:56:13,27,42,17.74
2025-01-19 23:56:14,27,42,16.18
2025-01-19 23:56:15,27,42,17.73
2025-01-19 23:56:16,27,42,18.55
2025-01-19 23:56:17,27,42,16.96
2025-01-19 23:56:18,27,42,20.24
2025-01-19 23:56:20,27,42,36.47
2025-01-19 23:56:21,27,42,33.91
2025-01-19 23:56:22,27,42,30.32
2025-01-19 23:56:23,27,41,29.34
2025-01-19 23:56:24,27,41,30.49
2025-01-19 23:56:25,27,41,29.37
2025-01-19 23:56:26,27,41,29.37
2025-01-19 23:56:27,27,40,23.25
2025-01-19 23:56:28,27,40,26.26
2025-01-19 23:56:29,27,40,26.26
2025-01-19 23:56:30,27,40,27.32
2025-01-19 23:56:31,27,39,26.43
2025-01-19 23:56:32,27,39,27.5
2025-01-19 23:56:33,27,39,27.5
2025-01-19 23:56:35,27,39,26.43
2025-01-19 23:56:36,26,38,26.61
2025-01-19 23:56:37,26,38,26.61
2025-01-19 23:56:38,26,38,26.63
2025-01-19 23:56:39,26,38,24.57
2025-01-19 23:56:40,26,37,24.7
2025-01-19 23:56:41,26,37,25.73
2025-01-19 23:56:42,26,37,24.73
2025-01-19 23:56:43,26,37,24.73
2025-01-19 23:56:44,26,36,25.92
2025-01-19 23:56:45,26,36,25.92
2025-01-19 23:56:46,26,35,26.08
2025-01-19 23:56:47,26,35,25.05
2025-01-19 23:56:48,26,35,24.06
2025-01-19 23:56:50,26,35,24.06
2025-01-19 23:56:51,26,35,23.1
2025-01-19 23:56:52,26,35,22.15
2025-01-19 23:56:53,26,34,22.29
2025-01-19 23:56:54,26,34,21.36
2025-01-19 23:56:55,26,34,22.31
2025-01-19 23:56:56,26,34,22.31
2025-01-19 23:56:57,26,33,24.39
2025-01-19 23:56:58,26,33,23.4
2025-01-19 23:56:59,26,33,22.45
2025-01-19 23:57:00,26,33,20.6
2025-01-19 23:57:01,25,32,20.73
2025-01-19 23:57:02,25,32,19.84
2025-01-19 23:57:03,25,32,17.34
2025-01-19 23:57:05,25,32,16.56
2025-01-19 23:57:06,25,32,17.36
2025-01-19 23:57:07,25,32,17.36
2025-01-19 23:57:08,25,32,18.19
2025-01-19 23:57:09,25,32,18.19
2025-01-19 23:57:10,25,31,19.15
2025-01-19 23:57:11,25,31,20.92
2025-01-19 23:57:12,25,31,20.94
2025-01-19 23:57:13,25,31,20.94
2025-01-19 23:57:14,25,31,21.87
2025-01-19 23:57:15,25,31,21.87
2025-01-19 23:57:16,25,31,21.89
2025-01-19 23:57:17,25,31,22.85
2025-01-19 23:57:18,25,30,22.03
2025-01-19 23:57:20,25,30,22.03
2025-01-19 23:57:21,25,30,21.12
2025-01-19 23:57:22,25,30,19.33
2025-01-19 23:57:23,25,30,18.47
2025-01-19 23:57:24,25,30,17.65
2025-01-19 23:57:25,25,30,16.86
2025-01-19 23:57:26,25,30,16.08
2025-01-19 23:57:27,24,30,15.35
2025-01-19 23:57:28,24,30,15.35
2025-01-19 23:57:29,24,29,15.43
2025-01-19 23:57:30,24,29,16.19
2025-01-19 23:57:31,24,29,15.44
2025-01-19 23:57:32,24,29,16.2
2025-01-19 23:57:33,24,29,17.0
2025-01-19 23:57:35,24,29,17.81
2025-01-19 23:57:36,24,29,17.0
2025-01-19 23:57:37,24,29,17.81
2025-01-19 23:57:38,24,29,18.66
2025-01-19 23:57:39,24,29,17.82
2025-01-19 23:57:40,24,29,17.84
2025-01-19 23:57:41,24,29,18.68
2025-01-19 23:57:42,24,28,18.78
2025-01-19 23:57:43,24,28,19.65
2025-01-19 23:57:44,24,28,18.8
2025-01-19 23:57:45,24,28,17.95
2025-01-19 23:57:46,24,28,17.15
2025-01-19 23:57:47,24,28,17.15
2025-01-19 23:57:48,24,28,16.38
2025-01-19 23:57:50,24,28,17.17
2025-01-19 23:57:51,24,28,18.83
2025-01-19 23:57:52,24,28,18.83
2025-01-19 23:57:53,24,28,18.0
2025-01-19 23:57:54,24,28,17.19
2025-01-19 23:57:55,24,28,17.19
2025-01-19 23:57:56,24,28,18.85
2025-01-19 23:57:57,24,28,18.02
2025-01-19 23:57:58,24,28,18.02
2025-01-19 23:57:59,23,27,18.13
2025-01-19 23:58:00,23,27,18.13
2025-01-19 23:58:01,23,27,18.13
2025-01-19 23:58:02,23,27,18.13
2025-01-19 23:58:03,23,27,18.15
2025-01-19 23:58:05,23,27,17.33
2025-01-19 23:58:06,23,27,17.34
2025-01-19 23:58:07,23,27,17.34
2025-01-19 23:58:08,23,27,16.54
2025-01-19 23:58:09,23,27,16.54
2025-01-19 23:58:10,23,27,15.78
2025-01-19 23:58:11,23,27,15.78
2025-01-19 23:58:12,23,27,15.8
2025-01-19 23:58:13,23,27,15.8
2025-01-19 23:58:14,23,26,15.9
2025-01-19 23:58:15,23,26,15.9
2025-01-19 23:58:16,23,26,15.91
2025-01-19 23:58:17,23,26,15.91
2025-01-19 23:58:19,23,26,15.94
2025-01-19 23:58:20,23,26,15.94
2025-01-19 23:58:21,23,26,15.96
2025-01-19 23:58:22,23,26,15.96
2025-01-19 23:58:23,22,26,15.21
2025-01-19 23:58:24,22,26,15.21
2025-01-19 23:58:25,22,26,15.23
2025-01-19 23:58:26,22,26,15.23
2025-01-19 23:58:27,22,26,14.51
2025-01-19 23:58:28,22,26,14.51
2025-01-19 23:58:29,22,26,15.25
2025-01-19 23:58:30,22,26,14.52
2025-01-19 23:58:31,22,26,14.53
2025-01-19 23:58:32,22,26,13.82
2025-01-19 23:58:34,22,26,13.83
2025-01-19 23:58:35,22,26,13.14
2025-01-19 23:58:36,22,26,13.16
2025-01-19 23:58:37,22,26,12.49
2025-01-19 23:58:38,22,26,12.49
2025-01-19 23:58:39,22,26,12.49
2025-01-19 23:58:40,22,26,11.86
2025-01-19 23:58:41,22,26,13.17
2025-01-19 23:58:42,22,26,13.18
2025-01-19 23:58:43,22,26,13.18
2025-01-19 23:58:44,22,26,13.18
2025-01-19 23:58:45,22,26,13.87
2025-01-19 23:58:46,22,26,13.88
2025-01-19 23:58:47,22,26,13.88
2025-01-19 23:58:49,21,26,14.61
2025-01-19 23:58:50,21,26,13.9
2025-01-19 23:58:51,21,26,13.9
2025-01-19 23:58:52,21,26,14.61
2025-01-19 23:58:53,21,26,14.63
2025-01-19 23:58:54,21,26,13.91
2025-01-19 23:58:55,21,26,14.63
2025-01-19 23:58:56,21,26,13.91
2025-01-19 23:58:57,21,27,14.56
2025-01-19 23:58:58,21,27,14.56
2025-01-19 23:58:59,21,27,13.85
2025-01-19 23:59:00,21,27,13.85
2025-01-19 23:59:01,21,27,13.85
2025-01-19 23:59:02,21,27,13.16
2025-01-19 23:59:04,21,27,13.17
2025-01-19 23:59:05,21,27,13.17
2025-01-19 23:59:06,21,27,13.17
2025-01-19 23:59:07,21,27,13.17
2025-01-19 23:59:08,21,27,13.17
2025-01-19 23:59:09,21,27,13.17
2025-01-19 23:59:10,21,27,13.86
2025-01-19 23:59:11,21,27,13.17
2025-01-19 23:59:12,21,27,13.17
2025-01-19 23:59:13,21,27,13.17
2025-01-19 23:59:14,21,27,13.86
2025-01-19 23:59:15,21,27,13.17
2025-01-19 23:59:16,21,27,13.18
2025-01-19 23:59:17,21,27,13.18
2025-01-19 23:59:19,21,27,13.18
2025-01-19 23:59:20,21,27,12.52
2025-01-19 23:59:21,21,27,12.52
2025-01-19 23:59:22,21,27,13.87
2025-01-19 23:59:23,21,28,12.45
2025-01-19 23:59:24,21,28,11.81
2025-01-19 23:59:25,21,28,12.45
2025-01-19 23:59:26,21,28,12.45
2025-01-19 23:59:27,21,28,12.45
2025-01-19 23:59:28,21,28,12.45
2025-01-19 23:59:29,21,28,11.19
2025-01-19 23:59:30,21,28,11.81
2025-01-19 23:59:31,21,28,13.11
2025-01-19 23:59:32,21,28,11.81
2025-01-19 23:59:34,21,28,11.81
2025-01-19 23:59:35,21,28,12.45
2025-01-19 23:59:36,21,28,12.45
2025-01-19 23:59:37,21,28,12.45
2025-01-19 23:59:38,21,28,12.46
2025-01-19 23:59:39,21,28,12.46
2025-01-19 23:59:40,21,29,12.4
2025-01-19 23:59:41,21,29,12.4
2025-01-19 23:59:42,21,29,12.4
2025-01-19 23:59:43,21,29,12.4
2025-01-19 23:59:44,21,29,12.4
2025-01-19 23:59:45,21,29,11.76
2025-01-19 23:59:46,21,29,13.06
2025-01-19 23:59:47,21,29,12.4
2025-01-19 23:59:49,21,29,12.4
2025-01-19 23:59:50,21,29,13.06
2025-01-19 23:59:51,21,29,13.06
2025-01-19 23:59:52,21,29,13.06
2025-01-19 23:59:53,21,29,13.06
2025-01-19 23:59:54,21,29,13.06
2025-01-19 23:59:55,21,29,13.06
2025-01-19 23:59:56,21,29,13.06
2025-01-19 23:59:57,21,29,13.06
2025-01-19 23:59:58,21,29,13.06
2025-01-19 23:59:59,21,29,13.74
2025-01-20 00:00:00,21,29,13.06
2025-01-20 00:00:01,21,29,14.45
2025-01-20 00:00:02,21,29,13.74
2025-01-20 00:00:04,21,29,13.73
2025-01-20 00:00:05,21,29,13.73
2025-01-20 00:00:06,21,30,15.09
2025-01-20 00:00:07,21,30,13.66
2025-01-20 00:00:08,21,30,13.66
2025-01-20 00:00:09,21,30,13.66
2025-01-20 00:00:10,21,30,14.36
2025-01-20 00:00:11,21,30,14.36
2025-01-20 00:00:12,21,30,14.36
2025-01-20 00:00:13,21,30,14.36
2025-01-20 00:00:14,21,30,13.66
2025-01-20 00:00:15,21,30,14.36
2025-01-20 00:00:16,21,30,14.36
2025-01-20 00:00:17,21,30,14.36
2025-01-20 00:00:19,21,30,15.09
2025-01-20 00:00:20,21,30,14.36
2025-01-20 00:00:21,21,30,14.36
2025-01-20 00:00:22,21,30,14.36
2025-01-20 00:00:23,21,30,14.36
2025-01-20 00:00:24,21,30,15.09
2025-01-20 00:00:25,21,30,15.09
2025-01-20 00:00:26,21,30,15.09
2025-01-20 00:00:27,21,30,15.07
2025-01-20 00:00:28,21,30,15.07
2025-01-20 00:00:29,21,30,15.07
2025-01-20 00:00:30,21,30,15.07
2025-01-20 00:00:31,21,30,15.07
2025-01-20 00:00:32,21,30,15.07
2025-01-20 00:00:34,21,30,15.07
2025-01-20 00:00:35,21,30,15.07
2025-01-20 00:00:36,21,30,15.07
2025-01-20 00:00:37,21,30,15.07
2025-01-20 00:00:38,21,30,15.07
2025-01-20 00:00:39,21,30,15.07
2025-01-20 00:00:40,21,30,15.82
2025-01-20 00:00:41,21,30,15.07
2025-01-20 00:00:42,21,30,15.07
2025-01-20 00:00:43,21,30,15.07
2025-01-20 00:00:44,21,30,13.63
2025-01-20 00:00:45,21,30,15.06
2025-01-20 00:00:46,21,30,15.06
2025-01-20 00:00:47,21,30,15.81
2025-01-20 00:00:49,21,30,15.06
2025-01-20 00:00:50,21,30,15.06
2025-01-20 00:00:51,21,30,15.06
2025-01-20 00:00:52,21,30,15.06
2025-01-20 00:00:53,21,30,15.06
2025-01-20 00:00:54,21,30,15.06
2025-01-20 00:00:55,21,31,14.98
2025-01-20 00:00:56,21,31,14.98
2025-01-20 00:00:57,21,31,15.72
2025-01-20 00:00:58,21,31,14.98
2025-01-20 00:00:59,21,31,15.71
2025-01-20 00:01:00,21,31,15.71
2025-01-20 00:01:01,21,31,14.96
2025-01-20 00:01:02,21,31,14.96
2025-01-20 00:01:04,21,31,15.71
2025-01-20 00:01:05,21,31,15.71
2025-01-20 00:01:06,21,31,14.96
2025-01-20 00:01:07,21,31,15.71
2025-01-20 00:01:08,21,31,15.71
2025-01-20 00:01:09,21,31,15.71
2025-01-20 00:01:10,21,31,15.71
2025-01-20 00:01:11,21,31,14.96
2025-01-20 00:01:12,21,31,15.71
2025-01-20 00:01:13,21,31,15.71
2025-01-20 00:01:14,21,31,15.7
2025-01-20 00:01:15,21,31,15.7
2025-01-20 00:01:16,21,31,15.7
2025-01-20 00:01:18,21,31,15.7
2025-01-20 00:01:19,21,31,15.7
2025-01-20 00:01:20,21,31,15.7
2025-01-20 00:01:21,21,31,15.7
2025-01-20 00:01:22,21,31,15.7
2025-01-20 00:01:23,21,31,15.7
2025-01-20 00:01:24,21,31,15.7
2025-01-20 00:01:25,22,31,15.68
2025-01-20 00:01:26,22,31,15.68
2025-01-20 00:01:27,22,31,15.68
2025-01-20 00:01:28,22,31,15.68
2025-01-20 00:01:29,22,31,15.68
2025-01-20 00:01:30,22,31,15.68
2025-01-20 00:01:31,22,31,15.68
2025-01-20 00:01:33,22,31,15.68
2025-01-20 00:01:34,22,31,15.68
2025-01-20 00:01:35,22,31,15.68
2025-01-20 00:01:36,22,31,15.67
2025-01-20 00:01:37,22,31,15.67
2025-01-20 00:01:38,22,31,16.43
2025-01-20 00:01:39,22,31,15.67
2025-01-20 00:01:40,22,31,15.67
2025-01-20 00:01:41,22,31,15.67
2025-01-20 00:01:42,22,31,15.67
2025-01-20 00:01:43,22,31,14.92
2025-01-20 00:01:44,22,31,15.67
2025-01-20 00:01:45,22,31,15.67
2025-01-20 00:01:46,22,31,15.65
2025-01-20 00:01:48,22,31,15.65
2025-01-20 00:01:49,22,31,14.91
2025-01-20 00:01:50,22,31,14.91
2025-01-20 00:01:51,22,31,14.91
2025-01-20 00:01:52,22,31,15.65
2025-01-20 00:01:53,22,31,15.65
2025-01-20 00:01:54,22,31,14.91
2025-01-20 00:01:55,22,31,14.91
2025-01-20 00:01:56,22,31,14.91
2025-01-20 00:01:57,22,31,14.91
2025-01-20 00:01:58,22,31,14.91
2025-01-20 00:01:59,22,31,14.89
2025-01-20 00:02:00,22,31,15.64
2025-01-20 00:02:01,22,31,14.89
2025-01-20 00:02:03,22,31,15.64
2025-01-20 00:02:04,22,31,14.89
2025-01-20 00:02:05,22,31,14.89
2025-01-20 00:02:06,22,31,14.89
2025-01-20 00:02:07,22,31,14.89
2025-01-20 00:02:08,22,31,16.4
2025-01-20 00:02:09,22,31,15.64
2025-01-20 00:02:10,22,31,14.89
2025-01-20 00:02:11,22,31,14.89
2025-01-20 00:02:12,22,31,14.88
2025-01-20 00:02:13,22,31,14.88
2025-01-20 00:02:14,22,31,14.88
2025-01-20 00:02:15,22,31,14.88
2025-01-20 00:02:16,22,31,14.88
2025-01-20 00:02:18,22,31,14.88
2025-01-20 00:02:19,22,31,15.62
2025-01-20 00:02:20,22,31,14.88
2025-01-20 00:02:21,22,31,14.88
2025-01-20 00:02:22,22,31,14.88
2025-01-20 00:02:23,22,31,14.88
2025-01-20 00:02:24,22,31,15.62
2025-01-20 00:02:25,22,31,14.87
2025-01-20 00:02:26,22,31,14.87
2025-01-20 00:02:27,22,31,14.87
2025-01-20 00:02:28,22,31,15.61
2025-01-20 00:02:29,22,31,14.87
2025-01-20 00:02:30,22,31,14.87
2025-01-20 00:02:31,22,31,14.87
2025-01-20 00:02:33,22,31,14.87
2025-01-20 00:02:34,22,31,14.87
2025-01-20 00:02:35,22,31,15.61
2025-01-20 00:02:36,22,31,14.85
2025-01-20 00:02:37,22,31,14.85
2025-01-20 00:02:38,22,31,14.85
2025-01-20 00:02:39,22,31,14.85
2025-01-20 00:02:40,22,31,14.85
2025-01-20 00:02:41,22,31,14.85
2025-01-20 00:02:42,22,31,14.85
2025-01-20 00:02:43,22,31,14.85
2025-01-20 00:02:44,22,31,14.85
2025-01-20 00:02:45,22,31,14.85
2025-01-20 00:02:46,22,31,14.85
2025-01-20 00:02:48,22,31,14.85
2025-01-20 00:02:49,22,31,14.85
2025-01-20 00:02:50,22,31,14.85
2025-01-20 00:02:51,22,31,14.84
2025-01-20 00:02:52,22,31,14.84
2025-01-20 00:02:53,22,31,14.84
2025-01-20 00:02:54,22,31,14.84
2025-01-20 00:02:55,22,31,14.84
2025-01-20 00:02:56,22,31,14.84
2025-01-20 00:02:57,22,31,14.84
2025-01-20 00:02:58,22,31,14.84
2025-01-20 00:02:59,22,31,14.84
2025-01-20 00:03:00,22,31,14.84
2025-01-20 00:03:01,22,31,14.84
2025-01-20 00:03:03,22,31,14.84
2025-01-20 00:03:04,22,31,15.58
2025-01-20 00:03:05,22,31,14.84
2025-01-20 00:03:06,22,31,14.83
2025-01-20 00:03:07,22,31,15.56
2025-01-20 00:03:08,22,31,14.84
2025-01-20 00:03:09,22,31,14.84
2025-01-20 00:03:10,22,31,14.83
2025-01-20 00:03:11,22,31,14.83
2025-01-20 00:03:12,22,31,15.56
2025-01-20 00:03:13,22,31,14.83
2025-01-20 00:03:14,22,31,14.83
2025-01-20 00:03:15,22,31,14.83
2025-01-20 00:03:17,22,31,14.83
2025-01-20 00:03:18,22,31,15.56
2025-01-20 00:03:19,22,31,14.81
2025-01-20 00:03:20,22,31,15.55
2025-01-20 00:03:21,22,31,14.81
2025-01-20 00:03:22,22,31,14.81
2025-01-20 00:03:23,22,31,14.81
2025-01-20 00:03:24,22,31,14.81
2025-01-20 00:03:25,22,31,15.55
2025-01-20 00:03:26,22,31,14.81
2025-01-20 00:03:27,22,31,14.81
2025-01-20 00:03:28,22,31,14.81
2025-01-20 00:03:29,22,31,16.31
2025-01-20 00:03:30,22,31,14.81
2025-01-20 00:03:32,22,31,14.81
2025-01-20 00:03:33,22,31,14.81
2025-01-20 00:03:34,22,31,14.81
2025-01-20 00:03:35,22,31,14.81
2025-01-20 00:03:36,23,31,14.8
2025-01-20 00:03:37,23,31,14.8
2025-01-20 00:03:38,23,31,14.08
2025-01-20 00:03:39,23,31,14.8
2025-01-20 00:03:40,23,32,14.72
2025-01-20 00:03:41,23,32,15.45
2025-01-20 00:03:42,23,32,14.72
2025-01-20 00:03:43,23,32,14.72
2025-01-20 00:03:44,23,32,14.72
2025-01-20 00:03:45,23,32,14.72
2025-01-20 00:03:47,23,32,14.0
2025-01-20 00:03:48,23,32,14.71
2025-01-20 00:03:49,23,32,14.71
2025-01-20 00:03:50,23,32,14.71
2025-01-20 00:03:51,23,32,14.71
2025-01-20 00:03:52,23,32,14.71
2025-01-20 00:03:53,23,32,14.71
2025-01-20 00:03:54,23,32,14.71
2025-01-20 00:03:55,23,32,14.71
2025-01-20 00:03:56,23,32,14.71
2025-01-20 00:03:57,23,32,14.69
2025-01-20 00:03:58,23,32,14.69
2025-01-20 00:03:59,23,32,14.69
2025-01-20 00:04:00,23,32,14.69
2025-01-20 00:04:02,23,32,14.69
2025-01-20 00:04:03,23,32,14.69
2025-01-20 00:04:04,23,32,14.69
2025-01-20 00:04:05,23,32,14.69
2025-01-20 00:04:06,23,32,14.69
2025-01-20 00:04:07,23,32,14.69
2025-01-20 00:04:08,23,32,14.69
2025-01-20 00:04:09,23,32,15.42
2025-01-20 00:04:10,23,32,14.68
2025-01-20 00:04:11,23,32,14.68
2025-01-20 00:04:12,23,32,14.69
2025-01-20 00:04:13,23,32,14.69
2025-01-20 00:04:14,23,32,14.68
2025-01-20 00:04:15,23,32,14.68
2025-01-20 00:04:17,23,32,14.68
2025-01-20 00:04:18,23,32,14.68
2025-01-20 00:04:19,23,32,14.68
2025-01-20 00:04:20,23,32,14.68
2025-01-20 00:04:21,23,32,14.68
2025-01-20 00:04:22,23,32,14.68
2025-01-20 00:04:23,23,32,14.68
2025-01-20 00:04:24,23,32,14.68
2025-01-20 00:04:25,23,32,14.66
2025-01-20 00:04:26,23,32,13.96
2025-01-20 00:04:27,23,32,14.66
2025-01-20 00:04:28,23,32,14.66
2025-01-20 00:04:29,23,32,14.66
2025-01-20 00:04:30,23,32,14.66
2025-01-20 00:04:32,23,32,13.96
2025-01-20 00:04:33,23,32,13.96
2025-01-20 00:04:34,23,32,13.96
2025-01-20 00:04:35,23,32,14.66
2025-01-20 00:04:36,23,32,13.96
2025-01-20 00:04:37,23,32,14.66
2025-01-20 00:04:38,23,32,14.66
2025-01-20 00:04:39,23,32,14.66
2025-01-20 00:04:40,23,32,14.66
2025-01-20 00:04:41,23,32,14.66
2025-01-20 00:04:42,23,32,14.65
2025-01-20 00:04:43,23,32,14.65
2025-01-20 00:04:44,23,32,14.65
2025-01-20 00:04:45,23,32,14.65
2025-01-20 00:04:47,23,32,13.94
2025-01-20 00:04:48,23,32,13.94
2025-01-20 00:04:49,23,32,14.65
2025-01-20 00:04:50,23,32,14.65
2025-01-20 00:04:51,23,32,14.65
2025-01-20 00:04:52,23,32,14.65
2025-01-20 00:04:53,23,32,14.65
2025-01-20 00:04:54,23,32,14.65
2025-01-20 00:04:55,23,32,14.64
2025-01-20 00:04:56,23,32,14.64
2025-01-20 00:04:57,23,32,14.64
2025-01-20 00:04:58,23,32,14.64
2025-01-20 00:04:59,23,32,14.64
2025-01-20 00:05:00,23,32,14.64
2025-01-20 00:05:02,23,32,14.64
2025-01-20 00:05:03,23,32,14.64
2025-01-20 00:05:04,23,32,14.64
2025-01-20 00:05:05,23,32,14.64
2025-01-20 00:05:06,23,32,14.64
2025-01-20 00:05:07,23,32,14.64
2025-01-20 00:05:08,23,32,13.93
2025-01-20 00:05:09,23,32,14.64
2025-01-20 00:05:10,23,32,14.64
2025-01-20 00:05:11,23,32,14.64
2025-01-20 00:05:12,23,32,14.64
2025-01-20 00:05:13,23,32,14.64
2025-01-20 00:05:14,23,32,14.64
2025-01-20 00:05:15,23,32,14.64
2025-01-20 00:05:17,23,32,14.64
2025-01-20 00:05:18,23,32,14.64
2025-01-20 00:05:19,23,32,14.64
2025-01-20 00:05:20,23,32,14.64
2025-01-20 00:05:21,23,32,14.64
2025-01-20 00:05:22,23,32,14.64
2025-01-20 00:05:23,23,32,14.64
2025-01-20 00:05:24,23,32,14.64
2025-01-20 00:05:25,23,32,14.62
2025-01-20 00:05:26,23,32,14.62
2025-01-20 00:05:27,23,32,14.62
2025-01-20 00:05:28,23,32,14.62
2025-01-20 00:05:29,23,32,15.35
2025-01-20 00:05:30,23,32,14.62
2025-01-20 00:05:32,23,32,14.62
2025-01-20 00:05:33,23,32,15.35
2025-01-20 00:05:34,23,32,14.62
2025-01-20 00:05:35,23,32,14.62
2025-01-20 00:05:36,23,32,14.62
2025-01-20 00:05:37,23,32,14.62
2025-01-20 00:05:38,23,32,14.62
2025-01-20 00:05:39,23,32,14.62
2025-01-20 00:05:40,23,32,14.62
2025-01-20 00:05:41,23,32,14.62
2025-01-20 00:05:42,23,32,14.62
2025-01-20 00:05:43,23,32,14.62
2025-01-20 00:05:44,23,32,14.61
2025-01-20 00:05:45,23,32,14.61
2025-01-20 00:05:47,23,32,14.62
2025-01-20 00:05:48,23,32,14.62
2025-01-20 00:05:49,23,32,14.61
2025-01-20 00:05:50,23,32,14.61
2025-01-20 00:05:51,23,32,14.61
2025-01-20 00:05:52,23,32,14.61
2025-01-20 00:05:53,23,32,14.61
2025-01-20 00:05:54,23,32,14.61
2025-01-20 00:05:55,23,32,13.91
2025-01-20 00:05:56,23,32,14.61
2025-01-20 00:05:57,23,32,13.91
2025-01-20 00:05:58,23,32,13.91
2025-01-20 00:05:59,23,32,14.61
2025-01-20 00:06:00,23,32,14.61
2025-01-20 00:06:02,23,32,13.91
2025-01-20 00:06:03,23,32,14.61
2025-01-20 00:06:04,23,32,13.91
2025-01-20 00:06:05,23,32,14.61
2025-01-20 00:06:06,23,32,14.61
2025-01-20 00:06:07,23,32,14.61
2025-01-20 00:06:08,23,32,14.61
2025-01-20 00:10:28,24,33,13.09
2025-01-20 00:10:29,24,33,13.09
2025-01-20 00:10:30,24,33,13.09
2025-01-20 00:10:31,24,33,13.09
2025-01-20 00:10:32,24,33,13.09
2025-01-20 00:10:33,24,33,13.09
2025-01-20 00:10:34,24,33,13.09
2025-01-20 00:10:35,24,33,13.09
2025-01-20 00:10:36,24,33,13.09
2025-01-20 00:10:37,24,33,13.09
2025-01-20 00:10:38,24,33,13.08
2025-01-20 00:10:39,24,33,13.08
2025-01-20 00:10:40,24,33,13.09
2025-01-20 00:10:42,24,33,13.09
2025-01-20 00:10:43,24,33,13.08
2025-01-20 00:10:44,24,33,13.08
2025-01-20 00:10:45,24,33,13.08
2025-01-20 00:10:46,24,33,13.08
2025-01-20 00:10:47,24,33,13.08
2025-01-20 00:10:48,24,33,13.08
2025-01-20 00:10:49,24,33,13.08
2025-01-20 00:10:50,24,33,13.08
2025-01-20 00:10:51,24,33,13.08
2025-01-20 00:10:52,24,33,13.08
2025-01-20 00:10:53,24,33,13.08
2025-01-20 00:10:54,24,33,12.43
2025-01-20 00:10:55,24,33,13.08
2025-01-20 00:10:57,24,33,13.08
2025-01-20 00:10:58,24,33,13.08
2025-01-20 00:10:59,24,33,13.08
2025-01-20 00:11:00,24,33,12.43
2025-01-20 00:11:01,24,33,13.08
2025-01-20 00:11:02,24,33,13.08
2025-01-20 00:11:03,24,33,13.08
2025-01-20 00:11:04,24,33,13.08
2025-01-20 00:11:05,24,33,12.43
2025-01-20 00:11:06,24,33,13.08
2025-01-20 00:11:07,24,33,13.08
2025-01-20 00:11:08,24,33,12.43
2025-01-20 00:11:09,24,33,13.08
2025-01-20 00:11:10,24,33,12.43
2025-01-20 00:11:12,24,33,13.08
2025-01-20 00:11:13,24,33,12.43
2025-01-20 00:11:14,24,33,12.43
2025-01-20 00:11:15,24,33,13.08
2025-01-20 00:11:16,24,33,13.08
2025-01-20 00:11:17,24,33,12.43
2025-01-20 00:11:18,24,33,13.08
2025-01-20 00:11:19,24,33,13.08
2025-01-20 00:11:20,24,33,13.08
2025-01-20 00:11:21,24,33,13.08
2025-01-20 00:11:22,24,33,13.08
2025-01-20 00:11:23,24,33,13.08
2025-01-20 00:11:24,24,33,13.08
2025-01-20 00:11:25,24,33,13.08
2025-01-20 00:11:27,24,33,13.08
2025-01-20 00:11:28,24,33,13.08
2025-01-20 00:11:29,24,33,13.08
2025-01-20 00:11:30,24,33,13.08
2025-01-20 00:11:31,24,33,13.08
2025-01-20 00:11:32,24,33,13.08
2025-01-20 00:11:33,24,33,13.08
2025-01-20 00:11:34,24,33,13.08
2025-01-20 00:11:35,24,33,13.08
2025-01-20 00:11:36,24,33,13.08
2025-01-20 00:11:37,24,33,13.08
2025-01-20 00:11:38,24,33,13.08
2025-01-20 00:11:39,24,33,13.08
2025-01-20 00:11:40,24,33,13.08
2025-01-20 00:11:42,24,33,13.08
2025-01-20 00:11:43,24,33,13.08
2025-01-20 00:11:44,24,33,13.08
2025-01-20 00:11:45,24,33,13.08
2025-01-20 00:11:46,24,33,13.08
2025-01-20 00:11:47,24,33,13.08
2025-01-20 00:11:48,24,33,13.08
2025-01-20 00:11:49,24,33,12.43
2025-01-20 00:11:50,24,33,13.08
2025-01-20 00:11:51,24,33,13.07
2025-01-20 00:11:52,24,33,13.07
2025-01-20 00:11:53,24,33,13.07
2025-01-20 00:11:54,24,33,13.74
2025-01-20 00:11:56,24,33,13.07
2025-01-20 00:11:57,24,33,13.07
2025-01-20 00:11:58,24,33,13.07
2025-01-20 00:11:59,24,33,13.07
2025-01-20 00:12:00,24,33,13.07
2025-01-20 00:12:01,24,33,13.07
2025-01-20 00:12:02,24,33,13.07
2025-01-20 00:12:03,24,33,13.07
2025-01-20 00:12:04,24,33,13.07
2025-01-20 00:12:05,24,33,13.07
2025-01-20 00:12:06,24,33,13.07
2025-01-20 00:12:07,24,33,13.07
2025-01-20 00:12:08,24,33,13.07
2025-01-20 00:12:09,24,33,13.07
2025-01-20 00:12:11,24,33,13.07
2025-01-20 00:12:12,24,33,13.07
2025-01-20 00:12:13,24,33,13.07
2025-01-20 00:12:14,24,33,13.07
2025-01-20 00:12:15,24,33,13.07
2025-01-20 00:12:16,24,33,13.07
2025-01-20 00:12:17,24,33,13.07
2025-01-20 00:12:18,24,33,13.07
2025-01-20 00:12:19,24,33,13.07
2025-01-20 00:12:20,24,33,13.07
2025-01-20 00:12:21,24,33,13.07
2025-01-20 00:12:22,24,33,13.07
2025-01-20 00:12:23,24,33,13.07
2025-01-20 00:12:24,24,33,13.74
2025-01-20 00:12:26,24,33,13.07
2025-01-20 00:12:27,24,33,13.07
2025-01-20 00:12:28,24,33,13.07
2025-01-20 00:12:29,24,33,13.07
2025-01-20 00:12:30,24,33,13.07
2025-01-20 00:12:31,24,33,13.07
2025-01-20 00:12:32,24,33,13.74
2025-01-20 00:12:33,24,33,13.74
2025-01-20 00:12:34,24,33,13.74
2025-01-20 00:12:35,24,33,13.07
2025-01-20 00:12:36,24,33,13.07
2025-01-20 00:12:37,24,33,13.07
2025-01-20 00:12:38,24,33,13.74
2025-01-20 00:12:39,24,33,13.07
2025-01-20 00:12:41,24,33,13.07
2025-01-20 00:12:42,24,33,13.07
2025-01-20 00:12:43,24,33,13.74
2025-01-20 00:12:44,24,33,13.07
2025-01-20 00:12:45,24,33,13.07
2025-01-20 00:12:46,24,33,13.74
2025-01-20 00:12:47,24,33,13.74
2025-01-20 00:12:48,24,33,13.74
2025-01-20 00:12:49,24,33,13.07
2025-01-20 00:12:50,24,33,13.07
2025-01-20 00:12:51,24,33,13.07
2025-01-20 00:12:52,24,33,13.74
2025-01-20 00:12:53,24,33,13.06
2025-01-20 00:12:54,24,33,13.06
2025-01-20 00:12:56,24,33,13.07
2025-01-20 00:12:57,24,33,13.07
2025-01-20 00:12:58,24,34,13.67
2025-01-20 00:12:59,24,34,13.0
2025-01-20 00:13:00,24,34,13.0
2025-01-20 00:13:01,24,34,13.0
2025-01-20 00:13:02,24,34,12.98
2025-01-20 00:13:03,24,34,12.98
2025-01-20 00:13:04,24,34,13.67
2025-01-20 00:13:05,24,34,13.0
2025-01-20 00:13:06,24,34,12.98
2025-01-20 00:13:07,24,34,12.98
2025-01-20 00:13:08,24,34,12.98
2025-01-20 00:13:09,24,34,13.65
2025-01-20 00:13:11,24,34,13.65
2025-01-20 00:13:12,24,34,12.98
2025-01-20 00:13:13,24,34,12.98
2025-01-20 00:13:14,24,34,13.65
2025-01-20 00:13:15,24,34,13.65
2025-01-20 00:13:16,24,34,13.65
2025-01-20 00:13:17,24,34,13.65
2025-01-20 00:13:18,24,34,13.65
2025-01-20 00:13:19,24,34,13.65
2025-01-20 00:13:20,24,34,13.65
2025-01-20 00:13:21,24,34,13.65
2025-01-20 00:13:22,24,34,13.65
2025-01-20 00:13:23,24,34,13.65
2025-01-20 00:13:24,24,34,13.65
2025-01-20 00:13:26,24,34,13.65
2025-01-20 00:13:27,24,34,13.65
2025-01-20 00:13:28,24,34,12.98
2025-01-20 00:13:29,24,34,13.65
2025-01-20 00:13:30,24,34,13.65
2025-01-20 00:13:31,24,34,13.65
2025-01-20 00:13:32,24,34,13.65
2025-01-20 00:13:33,24,34,13.65
2025-01-20 00:13:34,24,34,13.65
2025-01-20 00:13:35,24,34,13.65
2025-01-20 00:13:36,24,34,13.65
2025-01-20 00:13:37,24,34,13.65
2025-01-20 00:13:38,24,34,13.65
2025-01-20 00:13:39,24,34,13.65
2025-01-20 00:13:41,24,34,13.65
2025-01-20 00:13:42,24,34,12.98
2025-01-20 00:13:43,24,34,13.65
2025-01-20 00:13:44,24,34,13.65
2025-01-20 00:13:45,24,34,13.65
2025-01-20 00:13:46,24,34,12.98
2025-01-20 00:13:47,24,34,13.65
2025-01-20 00:13:48,24,34,13.65
2025-01-20 00:13:49,24,34,13.65
2025-01-20 00:13:50,24,34,13.65
2025-01-20 00:13:51,24,34,13.65
2025-01-20 00:13:52,24,34,12.98
2025-01-20 00:13:53,24,34,12.98
2025-01-20 00:13:54,24,34,13.65
2025-01-20 00:13:56,24,34,13.65
2025-01-20 00:13:57,24,34,12.98
2025-01-20 00:13:58,24,34,12.98
2025-01-20 00:13:59,24,34,12.98
2025-01-20 00:14:00,24,34,13.65
2025-01-20 00:14:01,24,34,13.65
2025-01-20 00:14:02,24,34,13.65
2025-01-20 00:14:03,24,34,12.98
2025-01-20 00:14:04,24,34,12.98
2025-01-20 00:14:05,24,34,13.65
2025-01-20 00:14:06,24,34,13.65
2025-01-20 00:14:07,24,34,13.65
2025-01-20 00:14:08,24,34,13.65
2025-01-20 00:14:09,24,34,13.65
2025-01-20 00:14:11,24,34,13.65
2025-01-20 00:14:12,24,34,13.65
2025-01-20 00:14:13,24,34,13.65
2025-01-20 00:14:14,24,34,12.98
2025-01-20 00:14:15,24,34,13.65
2025-01-20 00:14:16,24,34,13.65
2025-01-20 00:14:17,24,34,13.64
2025-01-20 00:14:18,24,34,13.64
2025-01-20 00:14:19,24,34,13.65
2025-01-20 00:14:20,24,34,13.65
2025-01-20 00:14:21,24,34,13.64
2025-01-20 00:14:22,24,34,13.64
2025-01-20 00:14:23,24,34,13.64
2025-01-20 00:14:24,24,34,13.64
2025-01-20 00:14:26,24,34,13.64
2025-01-20 00:14:27,24,34,13.64
2025-01-20 00:14:28,24,34,13.64
2025-01-20 00:14:29,24,34,13.64
2025-01-20 00:14:30,24,34,13.64
2025-01-20 00:14:31,24,34,13.64
2025-01-20 00:14:32,24,34,13.64
2025-01-20 00:14:33,24,34,13.64
2025-01-20 00:14:34,24,34,13.64
2025-01-20 00:14:35,24,34,12.97
2025-01-20 00:14:36,24,34,13.64
2025-01-20 00:14:37,24,34,13.64
2025-01-20 00:14:38,24,34,13.64
2025-01-20 00:14:39,24,34,13.64
2025-01-20 00:14:41,24,34,13.64
2025-01-20 00:14:42,24,34,13.64
2025-01-20 00:14:43,24,34,12.97
2025-01-20 00:14:44,24,34,13.64
2025-01-20 00:14:45,24,34,13.64
2025-01-20 00:14:46,24,34,13.64
2025-01-20 00:14:47,24,34,13.64
2025-01-20 00:14:48,24,34,13.64
2025-01-20 00:14:49,24,34,12.97
2025-01-20 00:14:50,24,34,13.64
2025-01-20 00:14:51,24,34,13.64
2025-01-20 00:14:52,24,34,13.64
2025-01-20 00:14:53,24,34,13.64
2025-01-20 00:14:54,24,34,13.64
2025-01-20 00:14:56,24,34,13.64
2025-01-20 00:14:57,24,34,12.97
2025-01-20 00:14:58,24,34,13.64
2025-01-20 00:14:59,24,34,12.97
2025-01-20 00:15:00,24,34,12.97
2025-01-20 00:15:01,24,34,12.97
2025-01-20 00:15:02,24,34,13.64
2025-01-20 00:15:03,24,34,13.64
2025-01-20 00:15:04,24,34,13.64
2025-01-20 00:15:05,24,34,13.64
2025-01-20 00:15:06,24,34,13.64
2025-01-20 00:15:07,24,34,13.64
2025-01-20 00:15:08,24,34,12.97
2025-01-20 00:15:10,24,34,13.64
2025-01-20 00:15:11,24,34,13.64
2025-01-20 00:15:12,24,34,13.64
2025-01-20 00:15:13,24,34,13.64
2025-01-20 00:15:14,24,34,13.64
2025-01-20 00:15:15,24,34,12.97
2025-01-20 00:15:16,24,34,12.97
2025-01-20 00:15:17,24,34,13.64
2025-01-20 00:15:18,24,34,13.64
2025-01-20 00:15:19,24,34,13.64
2025-01-20 00:15:20,24,34,13.64
2025-01-20 00:15:21,24,34,13.64
2025-01-20 00:15:22,24,34,12.97
2025-01-20 00:15:23,24,34,13.64
2025-01-20 00:15:25,24,34,12.97
2025-01-20 00:15:26,24,35,12.9
2025-01-20 00:15:27,24,35,13.57
2025-01-20 00:15:28,24,35,12.9
2025-01-20 00:15:29,24,35,13.57
2025-01-20 00:15:30,24,35,13.57
2025-01-20 00:15:31,24,35,12.9
2025-01-20 00:15:32,24,35,13.57
2025-01-20 00:15:33,24,35,12.9
2025-01-20 00:15:34,24,35,12.89
2025-01-20 00:15:35,24,35,12.89
2025-01-20 00:15:36,24,35,13.57
2025-01-20 00:15:37,24,35,13.57
2025-01-20 00:15:38,24,35,12.9
2025-01-20 00:15:40,24,35,13.57
2025-01-20 00:15:41,24,35,12.9
2025-01-20 00:15:42,24,35,13.57
2025-01-20 00:15:43,24,35,13.55
2025-01-20 00:15:44,24,35,12.89
2025-01-20 00:15:45,24,35,12.89
2025-01-20 00:15:46,24,35,12.89
2025-01-20 00:15:47,24,35,13.55
2025-01-20 00:15:48,24,35,12.89
2025-01-20 00:15:49,24,35,13.55
2025-01-20 00:15:50,24,35,13.55
2025-01-20 00:15:51,24,35,12.89
2025-01-20 00:15:52,24,35,13.55
2025-01-20 00:15:53,24,35,13.55
2025-01-20 00:15:55,24,35,12.89
2025-01-20 00:15:56,24,35,13.55
2025-01-20 00:15:57,24,35,13.55
2025-01-20 00:15:58,24,35,13.55
2025-01-20 00:15:59,24,35,12.89
2025-01-20 00:16:00,24,35,13.55
2025-01-20 00:16:01,24,35,12.89
2025-01-20 00:16:02,24,35,13.55
2025-01-20 00:16:03,24,35,12.89
2025-01-20 00:16:04,24,35,13.55
2025-01-20 00:16:05,24,35,12.89
2025-01-20 00:16:06,24,35,13.55
2025-01-20 00:16:07,24,35,13.55
2025-01-20 00:16:08,24,35,13.55
2025-01-20 00:16:10,24,35,12.89
2025-01-20 00:16:11,24,35,12.89
2025-01-20 00:16:12,24,35,12.89
2025-01-20 00:16:13,24,35,13.55
2025-01-20 00:16:14,24,35,13.55
2025-01-20 00:16:15,24,35,13.55
2025-01-20 00:16:16,24,35,13.55
2025-01-20 00:16:17,24,35,13.55
2025-01-20 00:16:18,24,35,13.55
2025-01-20 00:16:19,24,35,12.89
2025-01-20 00:16:20,24,35,13.55
2025-01-20 00:16:21,24,35,13.55
2025-01-20 00:16:22,24,35,13.55
2025-01-20 00:16:23,24,35,12.89
2025-01-20 00:16:25,24,35,13.55
2025-01-20 00:16:26,24,35,13.55
2025-01-20 00:16:27,24,35,13.55
2025-01-20 00:16:28,24,35,13.55
2025-01-20 00:16:29,24,35,13.55
2025-01-20 00:16:30,24,35,13.55
2025-01-20 00:16:31,24,35,12.89
2025-01-20 00:16:32,24,35,13.55
2025-01-20 00:16:33,24,35,13.55
2025-01-20 00:16:34,24,35,13.55
2025-01-20 00:16:35,24,35,12.89
2025-01-20 00:16:36,24,35,13.55
2025-01-20 00:16:37,24,35,13.55
2025-01-20 00:16:38,24,35,13.55
2025-01-20 00:16:40,24,35,13.55
2025-01-20 00:16:41,24,35,13.55
2025-01-20 00:16:42,24,35,13.55
2025-01-20 00:16:43,24,35,13.55
2025-01-20 00:16:44,24,35,13.55
2025-01-20 00:16:45,24,35,13.55
2025-01-20 00:16:46,24,35,13.55
2025-01-20 00:16:47,24,35,13.55
2025-01-20 00:16:48,24,35,12.89
2025-01-20 00:16:49,24,35,13.55
2025-01-20 00:16:50,24,35,12.89
2025-01-20 00:16:51,24,35,13.55
2025-01-20 00:16:52,24,35,12.89
2025-01-20 00:16:53,24,35,13.55
2025-01-20 00:16:55,24,35,12.89
2025-01-20 00:16:56,24,35,13.55
2025-01-20 00:16:57,24,35,13.55
2025-01-20 00:16:58,24,35,13.55
2025-01-20 00:16:59,24,35,13.55
2025-01-20 00:17:00,24,35,13.55
2025-01-20 00:17:01,24,35,13.55
2025-01-20 00:17:02,24,35,13.55
2025-01-20 00:17:03,24,35,13.55
2025-01-20 00:17:04,24,35,13.55
2025-01-20 00:17:05,24,35,13.55
2025-01-20 00:17:06,24,35,13.55
2025-01-20 00:17:07,24,35,13.55
2025-01-20 00:17:08,24,35,13.55
2025-01-20 00:17:10,24,35,13.55
2025-01-20 00:17:11,24,35,13.55
2025-01-20 00:17:12,24,35,13.55
2025-01-20 00:17:13,24,35,13.55
2025-01-20 00:17:14,24,35,13.55
2025-01-20 00:17:15,24,35,13.54
2025-01-20 00:17:16,24,35,13.54
2025-01-20 00:17:17,24,35,13.55
2025-01-20 00:17:18,24,35,13.55
2025-01-20 00:17:19,24,35,13.54
2025-01-20 00:17:20,24,35,13.54
2025-01-20 00:17:21,24,35,13.54
2025-01-20 00:17:22,24,35,13.54
2025-01-20 00:17:23,24,35,13.54
2025-01-20 00:17:25,24,35,13.54
2025-01-20 00:17:26,24,35,13.54
2025-01-20 00:17:27,24,35,13.54
2025-01-20 00:17:28,24,35,13.54
2025-01-20 00:17:29,24,35,13.54
2025-01-20 00:17:30,24,35,13.54
2025-01-20 00:17:31,24,35,13.54
2025-01-20 00:17:32,24,35,12.88
2025-01-20 00:17:33,24,35,13.54
2025-01-20 00:17:34,24,35,13.54
2025-01-20 00:17:35,24,35,13.54
2025-01-20 00:17:36,24,35,13.54
2025-01-20 00:17:37,24,35,13.54
2025-01-20 00:17:39,24,35,13.54
2025-01-20 00:17:40,24,35,13.54
2025-01-20 00:17:41,24,35,13.54
2025-01-20 00:17:42,24,35,13.54
2025-01-20 00:17:43,24,35,13.54
2025-01-20 00:17:44,24,35,13.54
2025-01-20 00:17:45,24,35,13.54
2025-01-20 00:17:46,24,35,13.54
2025-01-20 00:17:47,24,35,13.54
2025-01-20 00:17:48,24,35,13.54
2025-01-20 00:17:49,24,35,13.54
2025-01-20 00:17:50,24,35,13.54
2025-01-20 00:17:51,24,35,13.54
2025-01-20 00:17:52,24,35,13.54
2025-01-20 00:17:54,24,35,13.54
2025-01-20 00:17:55,24,35,13.54
2025-01-20 00:17:56,24,35,13.54
2025-01-20 00:17:57,24,35,13.54
2025-01-20 00:17:58,24,35,13.54
2025-01-20 00:17:59,24,35,14.23
2025-01-20 00:18:00,24,35,13.54
2025-01-20 00:18:01,24,35,13.54
2025-01-20 00:18:02,24,35,13.54
2025-01-20 00:18:03,24,35,13.54
2025-01-20 00:18:04,24,35,13.54
2025-01-20 00:18:05,24,35,13.54
2025-01-20 00:18:06,24,35,13.54
2025-01-20 00:18:07,24,35,13.54
2025-01-20 00:18:09,24,35,13.54
2025-01-20 00:18:10,24,35,12.88
2025-01-20 00:18:11,24,35,13.54
2025-01-20 00:18:12,24,35,13.54
2025-01-20 00:18:13,24,35,13.54
2025-01-20 00:18:14,24,35,13.54
2025-01-20 00:18:15,24,35,13.54
2025-01-20 00:18:16,24,35,13.54
2025-01-20 00:18:17,24,35,13.54
2025-01-20 00:18:18,24,35,13.54
2025-01-20 00:18:19,24,35,13.54
2025-01-20 00:18:20,24,35,13.54
2025-01-20 00:18:21,24,35,13.54
2025-01-20 00:18:22,24,35,13.54
2025-01-20 00:18:24,24,35,13.54
2025-01-20 00:18:25,24,35,13.54
2025-01-20 00:18:26,24,35,13.54
2025-01-20 00:18:27,24,35,12.88
2025-01-20 00:18:28,24,35,13.54
2025-01-20 00:18:29,24,35,13.54
2025-01-20 00:18:30,24,35,13.54
2025-01-20 00:18:31,24,35,13.54
2025-01-20 00:18:32,24,35,13.54
2025-01-20 00:18:33,24,35,13.54
2025-01-20 00:18:34,24,35,12.88
2025-01-20 00:18:35,24,35,13.54
2025-01-20 00:18:36,24,35,13.54
2025-01-20 00:18:37,24,35,13.54
2025-01-20 00:18:39,24,35,13.54
2025-01-20 00:18:40,24,35,12.88
2025-01-20 00:18:41,24,35,13.54
2025-01-20 00:18:42,24,35,13.54
2025-01-20 00:18:43,24,35,13.54
2025-01-20 00:18:44,24,35,13.54
2025-01-20 00:18:45,24,35,13.54
2025-01-20 00:18:46,24,35,13.54
2025-01-20 00:18:47,24,35,12.88
2025-01-20 00:18:48,24,35,12.88
2025-01-20 00:18:49,24,35,13.54
2025-01-20 00:18:50,24,35,13.54
2025-01-20 00:18:51,24,35,13.54
2025-01-20 00:18:52,24,35,13.54
2025-01-20 00:18:54,24,35,12.88
2025-01-20 00:18:55,24,35,13.54
2025-01-20 00:18:56,24,35,13.54
2025-01-20 00:18:57,24,35,13.54
2025-01-20 00:18:58,24,35,13.54
2025-01-20 00:18:59,24,35,12.88
2025-01-20 00:19:00,24,35,13.54
2025-01-20 00:19:01,24,35,12.88
2025-01-20 00:19:02,24,35,13.54
2025-01-20 00:19:03,24,35,12.88
2025-01-20 00:19:04,24,35,13.54
2025-01-20 00:19:05,24,35,12.88
2025-01-20 00:19:06,24,35,12.88
2025-01-20 00:19:07,24,35,12.88
2025-01-20 00:19:09,24,35,12.88
2025-01-20 00:19:10,24,35,13.54
2025-01-20 00:19:11,24,35,12.88
2025-01-20 00:19:12,24,35,12.88
2025-01-20 00:19:13,25,35,13.53
2025-01-20 00:19:14,25,35,12.87
2025-01-20 00:19:15,24,35,13.54
2025-01-20 00:19:16,24,35,12.88
2025-01-20 00:19:17,25,35,12.87
2025-01-20 00:19:18,25,35,12.87
2025-01-20 00:19:19,24,35,12.88
2025-01-20 00:19:20,24,35,12.88
2025-01-20 00:19:21,24,35,12.88
2025-01-20 00:19:22,24,35,12.88
2025-01-20 00:19:24,24,35,14.23
2025-01-20 00:19:25,24,35,13.54
2025-01-20 00:19:26,24,35,12.88
2025-01-20 00:19:27,24,35,12.88
2025-01-20 00:19:28,24,35,12.88
2025-01-20 00:19:29,24,35,12.88
2025-01-20 00:19:30,24,35,12.88
2025-01-20 00:19:31,24,35,12.88
2025-01-20 00:19:32,25,35,12.87
2025-01-20 00:19:33,25,35,12.87
2025-01-20 00:19:34,24,35,12.88
2025-01-20 00:19:35,24,35,12.88
2025-01-20 00:19:36,25,35,12.87
2025-01-20 00:19:37,25,35,12.87
2025-01-20 00:19:39,24,35,12.88
2025-01-20 00:19:40,24,35,12.88
2025-01-20 00:19:41,24,35,12.88
2025-01-20 00:19:42,24,35,12.88
2025-01-20 00:19:43,25,35,12.87
2025-01-20 00:19:44,25,35,12.87
2025-01-20 00:19:45,25,35,12.87
2025-01-20 00:19:46,25,35,12.87
2025-01-20 00:19:47,25,35,12.87
2025-01-20 00:19:48,25,35,12.87
2025-01-20 00:19:49,24,35,12.88
2025-01-20 00:19:50,24,35,12.88
2025-01-20 00:19:51,25,35,12.87
2025-01-20 00:19:52,25,35,12.87
2025-01-20 00:19:54,25,35,12.87
